{
    "type": "crafting_shaped",
    "key": {
        "O": "phantom_membrane",
        "*": "nether_star",
        "#": "netherite_ingot"
    },
    "pattern": [
        "O#O",
        "#*#",
        "O#O"
    ],
    "result": {
        "id": "nether_star",
        "components": {
            "item_name": {
                "text": "Banisher of the Phantom",
                "color": "#ff7070"
            },
            "lore": [
                {"text": "Completely banish the phantom from your world.","color": "#704032"}
            ],
            "enchantment_glint_override": true,
            "custom_data": {
                "phantomBanish": true
            }
        }
    }
}